cluster,CD4 T cells,CD8 T cells,NK cells,B cells,CD14+ Monocytes,FCGR3A+ Monocytes,Dendritic cells,Megakaryocytes,assigned,confidence
0,1.0365413108779868,2.0467520315154233,0.12848268569680293,-0.37495112580519313,-0.6077940538125577,-0.4572576380639668,-0.5359960530657002,-0.3641064514623802,CD8 T cells,2.0467520315154233
1,1.8436972080776173,0.7139939758561985,-0.4498423420963025,-0.4066490379395025,-0.5826455162396509,-0.5335052742912177,-0.5410232543466199,-0.36494356836171365,CD4 T cells,1.8436972080776173
2,-0.3504114758572768,-0.5630330630403418,-0.49665071835674796,2.4331606946450037,-0.6075126478382682,-0.49555809393061406,-0.547063975928051,-0.3613369752239461,B cells,2.4331606946450037
3,-0.6149872857748152,-0.577121851577088,-0.42460081335174477,-0.4007836924954661,2.133827596194328,-0.14577396751876215,0.19526005813974692,-0.3501521131198226,CD14+ Monocytes,2.133827596194328
4,-0.21142346546779817,-0.08233684462651383,2.356916804419135,-0.36518064021404456,-0.6070735397574252,0.089688444032498,-0.515095893330571,-0.37037453310041174,NK cells,2.356916804419135
5,-0.6522139172292047,-0.5311159817834031,-0.41637622888992576,-0.11724112334292328,0.27837028378023865,2.2460567687226924,0.11733159492346545,-0.31362267884301304,FCGR3A+ Monocytes,2.2460567687226924
6,-0.360556928395886,-0.5217595875078235,-0.21897066127329085,-0.30057393650309105,0.4498644379121946,-0.3814146058529779,2.0812211236259044,-0.34976286139611595,Dendritic cells,2.0812211236259044
7,-0.6906454462306233,-0.48537867883645147,-0.4789587261479257,-0.4677811383447834,-0.4570365602388595,-0.32223563309765196,-0.25463360001817464,2.474299181507403,Megakaryocytes,2.474299181507403
